{
  "3": {
    "H_object_uncalibrated_to_calibrated": [
      [
        0.9997399217267785,
        -0.0111899245092739,
        -0.019871445969863146,
        -47.567966460118214
      ],
      [
        0.010719686902844186,
        0.999663656400009,
        -0.02361486682954381,
        -2.87156151158581
      ],
      [
        0.020129010595653522,
        0.02339570941122195,
        0.999523618677496,
        13.857933462834808
      ],
      [
        0.0,
        0.0,
        0.0,
        1.0
      ]
    ]
  },
  "5": {
    "H_object_uncalibrated_to_calibrated": [
      [
        0.9996514274479823,
        -0.0036011716726436784,
        0.026155640378655143,
        13.836084062075656
      ],
      [
        0.003699168365186254,
        0.9999863412567779,
        -0.0036997778027130146,
        76.25548524833007
      ],
      [
        -0.026141960964669107,
        0.0037952448556660264,
        0.9996510344734487,
        -311.86351755444286
      ],
      [
        0.0,
        0.0,
        0.0,
        1.0
      ]
    ]
  }
}