{
  "1": {"diameter": 1449.3915964983375, "min_x": -400.0, "min_y": -600.0, "min_z": -72.0, "size_x": 800.0, "size_y": 1200.0, "size_z": 144.0},
  "2": {"diameter": 531.631939510786, "min_x": -150.0, "min_y": -200.0, "min_z": -110.5, "size_x": 300.0, "size_y": 400.0, "size_z": 221.0},
  "3": {"diameter": 735.2150242262463, "min_x": -200.0, "min_y": -297.5, "min_z": -110.0, "size_x": 400.0, "size_y": 595.0, "size_z": 220.0},
  "4": {"diameter": 537.8038675948695, "min_x": -149.0, "min_y": -199.0, "min_z": -110.0, "size_x": 298.0, "size_y": 398.0, "size_z": 220.0},
  "5": {"diameter": 559.3851807200044, "min_x": -129.059814453125, "min_y": -184.61158752441406, "min_z": -245.13201904296875, "size_x": 258.0434265136719, "size_y": 369.2095184326172, "size_z": 490.35533142089844},
  "6": {"diameter": 562.4240256016142, "min_x": -193.06663513183594, "min_y": -127.45148468017578, "min_z": -228.61477661132812, "size_x": 386.2351989746094, "size_y": 254.83555603027344, "size_z": 457.1435546875},
  "7": {"diameter": 881.1988529548942, "min_x": -92.85628509521484, "min_y": -270.8131408691406, "min_z": -351.33599853515625, "size_x": 185.31967163085938, "size_y": 541.5104064941406, "size_z": 702.3333435058594},
  "8": {"diameter": 689.0954544241939, "min_x": -276.9945373535156, "min_y": -204.39144897460938, "min_z": -225.5359649658203, "size_x": 554.1091613769531, "size_y": 408.86351013183594, "size_z": 451.1942596435547},
  "9": {"diameter": 581.6924870287688, "min_x": -165.9126739501953, "min_y": -194.96803283691406, "min_z": -168.28736877441406, "size_x": 331.8608856201172, "size_y": 389.95318603515625, "size_z": 336.3536682128906},
  "10": {"diameter": 588.1474225387908, "min_x": -167.5018768310547, "min_y": -199.42471313476562, "min_z": -174.87496948242188, "size_x": 335.02716064453125, "size_y": 398.9928894042969, "size_z": 349.93479919433594},
  "11": {"diameter": 596.9018918709888, "min_x": -159.2321319580078, "min_y": -237.28726196289062, "min_z": -128.17047119140625, "size_x": 318.48548889160156, "size_y": 474.3826599121094, "size_z": 256.51483154296875},
  "12": {"diameter": 549.4024101425807, "min_x": -94.66421508789062, "min_y": -211.3612823486328, "min_z": -160.95809936523438, "size_x": 189.35985565185547, "size_y": 422.6921691894531, "size_z": 321.92384338378906},
  "13": {"diameter": 549.3850473155646, "min_x": -164.14344787597656, "min_y": -172.34234619140625, "min_z": -162.85726928710938, "size_x": 328.44126892089844, "size_y": 344.6051483154297, "size_z": 325.4350280761719},
  "14": {"diameter": 878.1024278027378, "min_x": -149.79371643066406, "min_y": -387.6570129394531, "min_z": -179.82908630371094, "size_x": 299.4913024902344, "size_y": 781.129028320312, "size_z": 362.0650634765625},
  "15": {"diameter": 1025.6499646181824, "min_x": -262.48236083984375, "min_y": -446.9391174316406, "min_z": -111.3437728881836, "size_x": 524.9325866699219, "size_y": 893.8900756835938, "size_z": 222.63720703125},
  "16": {"diameter": 499.6391577363507, "min_x": -140.98800659179688, "min_y": -194.59393310546875, "min_z": -145.47470092773438, "size_x": 281.88352966308594, "size_y": 389.08494567871094, "size_z": 290.5782165527344}
}
